id_madncl,iter_madncl,soltime_madncl,inittime_madncl,adtime_madncl,lintime_madncl,termination_madncl,obj_madncl,cvio_madncl,nvar_top,ncon_top,case_name_top,id_hybrid_kkt,iter_hybrid_kkt,soltime_hybrid_kkt,inittime_hybrid_kkt,adtime_hybrid_kkt,lintime_hybrid_kkt,termination_hybrid_kkt,obj_hybrid_kkt,cvio_hybrid_kkt,id_lifted_kkt,iter_lifted_kkt,soltime_lifted_kkt,inittime_lifted_kkt,adtime_lifted_kkt,lintime_lifted_kkt,termination_lifted_kkt,obj_lifted_kkt,cvio_lifted_kkt
1,2619,1178.0758481025696,7.856997966766357,66.31362145200036,1082.0474315840072,f,-2.6882819005073033e7,0.0003959999991813845,140544,152244,C3E4N00073D1_scenario_303,1,930,444.1784210205078,4.943510055541992,23.66895551199998,405.6681053694168, ,-2.6786033254458096e7,9.218634057402907e-9,1,2455,1311.2086820602417,4.086130142211914,57.082619953000105,1199.9459919970022, ,-2.7044420588077463e7,0.00039599561919478887
2,2185,2857.1359770298004,21.948543071746826,56.07709326499995,2763.7301244099904,f,-9.39553881882557e7,0.0008203419282484248,375156,406356,C3E4N00073D2_scenario_303,2,1345,1781.1419191360474,30.832376956939697,35.658296047999926,1669.972675319932,r,-6.542223919455032e9,932011.8352832071,2,4510,6803.769552946091,35.23347806930542,115.37682878599995,6557.512220891036, ,-1.504552223606977e8,0.0008432986676982779
3,764,838.283528804779,17.094653129577637,18.752362358999967,807.6111154599993,f,-1.606901248516682e10,0.6432157953213551,328308,355608,C3E4N00073D3_scenario_303,3,1121,1119.0030839443207,10.832377910614014,29.083389285999974,1062.8774825073633,r,-2.4298002283047684e10,3.9648311588789113e6,3,3198,4149.681709051132,11.329794883728027,79.53503086199932,4012.613449603997, ,-5.418109468782613e8,0.0008409430978186805
4,2667,3713.7662630081177,20.286688089370728,70.6354292119997,3596.463489711992,f,-2.5038905875473457e10,3.5699515327355433,381808,417328,C3E4N00073D2_scenario_911,4,853,1128.1177661418915,30.46701717376709,21.435575045999993,1039.0699475980348,r,-6.558144692250759e9,989004.6500796286,4,5447,8478.962556123734,52.49715304374695,152.4053464870005,8134.976293651071, ,-6.069160162365356e7,0.0007472453265009449
5,-,30000.0,-,-,-,me,-,-,32543082,41172984,C3E4N00617D1_scenario_002,5,-,30000.0,-,-,-,me,-,-,5,-,30000.0,-,-,-,me,-,-
