tol,solver,small_count,small_time,small_cvio,med_count,med_time,med_cvio,large_count,large_time,large_cvio,total_count,total_time,total_cvio
0.0001,MadNLP+Ma86 (CPU),16,0.08008410768027652,7.848258949394449e-7,15,6.248695649838595,7.945863558234123e-7,33,24.8696824784723,1.3368754832043805e-6,64,11.448168696508354,1.0717640677171403e-6
0.0001,Ipopt+Ma27 (CPU),16,0.03471780632906629,0.0006964074449111735,16,0.823137100236023,0.0017800096554712042,34,11.967020062785636,0.0018635494358036908,66,5.302304897529423,0.0015603418563312488
0.0001,MadNLP+HybridKKT (GPU),16,0.1838753760526899,1.1677224289741162e-6,14,8.5261512668236,3.6881758269657894e-7,27,22.398692943910717,1.1794076293369926e-7,57,11.371497638535427,4.7423517557376726e-7
0.0001,MadNLP+LiftedKKT (GPU),16,0.15893536271977204,0.0007233130627017914,16,0.6833950395458306,0.001779005177901638,34,2.7631526916526443,0.0018635888056444117,66,1.5665649919148308,0.001566641763458776
0.0001,MadNCL (GPU),13,14.409612211628215,0.0007712899187080069,7,140.20545053702318,0.0017952877951525892,14,196.2867721879441,0.0018902887661820245,34,103.85791155818457,0.0014428632216443305
1.0e-8,MadNLP+Ma86 (CPU),16,0.14057639249670117,7.132497970019358e-8,15,7.867985842611226,1.7835235510688108e-7,31,35.63364157776764,1.7070024149745677e-7,62,15.247053453608675,1.4690633065583825e-7
1.0e-8,Ipopt+Ma27 (CPU),16,0.03983753831394665,6.855371559311152e-8,16,1.0282217442802786,1.7645784566866496e-7,34,12.220472133320527,1.846143486972096e-7,66,5.465124848815989,1.545011034664867e-7
1.0e-8,MadNLP+HybridKKT (GPU),16,0.18277875897170937,6.893562698451206e-8,14,8.545477396125072,1.8023899528429865e-7,25,31.630454344589587,1.874403654511525e-7,55,14.323438802363238,1.5113318241333218e-7
1.0e-8,MadNLP+LiftedKKT (GPU),16,0.5424883617915697,7.132785206920289e-8,15,4.291167619793844,1.7823745501743815e-7,31,11.44321104581956,1.7542045505081205e-7,62,6.361329710197559,1.4923937996513814e-7
1.0e-8,MadNCL (GPU),11,34.72725878013671,4.200656178454665e-8,5,243.06542431731438,1.9146493990263025e-7,3,649.8075461914598,1.0980511433444917e-7,19,262.3752938483256,9.20427467576701e-8
