nvar_top,ncon_top,case_name_top,id_ma27,iter_ma27,soltime_ma27,adtime_ma27,termination_ma27,obj_ma27,cvio_ma27,id_ma86,iter_ma86,soltime_ma86,inittime_ma86,adtime_ma86,lintime_ma86,termination_ma86,obj_ma86,cvio_ma86
24,28,pglib_opf_case3_lmbd.m,1,14,0.017,0.002, ,5808.808259401874,0.0010887213022132691,1,15.0,0.006972074508666992,0.00047206878662109375,0.00013857200000000003,0.0039002549999999996, ,5812.643189642162,3.535736552932184e-7
44,53,pglib_opf_case5_pjm.m,2,16,0.009000000000000001,0.001, ,17549.71634138035,0.0033256319558199188,2,22.0,0.022530078887939453,0.0009319782257080078,0.0004026240000000002,0.016741479000000004, ,17551.937480332315,3.104534776476875e-8
118,169,pglib_opf_case14_ieee.m,3,10,0.009999999999999998,0.001, ,2176.321256074481,0.0010599421840213896,3,7.0,0.007353067398071289,0.0014040470123291016,0.000312317,0.003311612, ,2178.7793550873594,2.8799007509405783e-5
266,315,pglib_opf_case24_ieee_rts.m,4,16,0.018000000000000002,0.002, ,63206.05312485917,0.003995340320851248,4,18.0,0.0385899543762207,0.00177001953125,0.001228228,0.027842127999999994, ,63352.93915005784,1.4684963000888285e-6
236,348,pglib_opf_case30_as.m,5,9,0.009999999999999998,0.001, ,803.0580028141633,0.0010418724923340061,5,7.0,0.00925588607788086,0.0022177696228027344,0.00048750300000000013,0.0034675729999999994, ,803.1206267168964,8.35857888974445e-5
236,348,pglib_opf_case30_ieee.m,6,12,0.015,0.002, ,8205.44298115436,0.0010515894678662097,6,9.0,0.010860919952392578,0.002393960952758789,0.0006235949999999999,0.0040892459999999995, ,8208.497118694078,2.8626370259132727e-5
