nvar_top,ncon_top,case_name_top,id_ma27,iter_ma27,soltime_ma27,adtime_ma27,termination_ma27,obj_ma27,cvio_ma27,id_ma86,iter_ma86,soltime_ma86,inittime_ma86,adtime_ma86,lintime_ma86,termination_ma86,obj_ma86,cvio_ma86
775,922,pglib_opf_case3_lmbd_storage,1,41,0.12,0.015, ,103163.84291870843,0.0010795622852726172,1,27.0,0.06985712051391602,0.010298013687133789,0.0040621649999999995,0.022046717000000004, ,103219.10989432444,0.00010790950136380296
1275,1595,pglib_opf_case5_pjm_storage,2,39,0.164,0.024, ,1.2960532347540853e6,0.001995331758201324,2,25.0,0.30617785453796387,0.16324996948242188,0.006656741999999999,0.10547123700000002, ,1.2964876827065442e6,1.9760636769696816e-6
3125,4495,pglib_opf_case14_ieee_storage,3,24,0.16999999999999998,0.029, ,224615.1589701833,0.0010580794571561913,3,21.0,0.19626593589782715,0.07753205299377441,0.015197312999999994,0.047274618, ,224785.3052595199,4.076678982170019e-6
