nvar_top,ncon_top,case_name_top,id_ma27,iter_ma27,soltime_ma27,adtime_ma27,termination_ma27,obj_ma27,cvio_ma27,id_ma86,iter_ma86,soltime_ma86,inittime_ma86,adtime_ma86,lintime_ma86,termination_ma86,obj_ma86,cvio_ma86
140544,152244,C3E4N00073D1_scenario_303,1,1009,4400.195,12.224, ,-2.6917280698406328e7,0.00032164309525839485,1,2046.0,2340.508157968521,346.3892629146576,21.76417946599991,1468.0684821300028, ,-2.6787156226238564e7,8.452947749398865e-8
