case,method,construction_time,ad_time,internal_time,lin_time,init_time
data/pglib_opf_case78484_epigrids.m,PowerModels-CPU,209.61950397491455,342.7885063609999,60.892289472495634,277.21301801499993,27.95732307434082
data/pglib_opf_case78484_epigrids.m,ExaModels-CPU,1.5894370079040527,16.545112130999993,51.30599828884709,294.75057844199983,29.34022808074951
data/pglib_opf_case78484_epigrids.m,ExaModels-GPU,0.28604698181152344,0.7014952600000003,1.7810856598579092,6.878771047000002,6.424073934555054
