platform,Time
PowerModels-CPU,0.002822243408228786
ExaModels-CPU,0.00304986383653727
ExaModels-GPU,0.005495685242292936
