id_madncl,iter_madncl,soltime_madncl,inittime_madncl,adtime_madncl,lintime_madncl,termination_madncl,obj_madncl,cvio_madncl,nvar_top,ncon_top,case_name_top,id_hybrid_kkt,iter_hybrid_kkt,soltime_hybrid_kkt,inittime_hybrid_kkt,adtime_hybrid_kkt,lintime_hybrid_kkt,termination_hybrid_kkt,obj_hybrid_kkt,cvio_hybrid_kkt,id_lifted_kkt,iter_lifted_kkt,soltime_lifted_kkt,inittime_lifted_kkt,adtime_lifted_kkt,lintime_lifted_kkt,termination_lifted_kkt,obj_lifted_kkt,cvio_lifted_kkt
1,3000,1352.149500131607,7.07604193687439,66.84140485000007,1250.875618241001,f,-2.6962204003468785e7,0.0006422771046428188,140544,152244,C3E4N00073D1_scenario_303,1,1052,490.82333493232727,4.152367115020752,24.401325440999937,451.139687953627, ,-2.678603325457674e7,9.059300420943828e-9,1,3000,1620.1823320388794,4.1866490840911865,71.93247933600018,1487.5168878279976,f,-1.6351240976318535e8,2305.2983730676297
2,1131,1484.3921558856964,19.396075010299683,27.217292724999993,1436.6785115699984,f,-2.1110378750647408e10,3.0001063003289707,375156,406356,C3E4N00073D2_scenario_303,2,1426,1873.1457159519196,29.061676025390625,35.068537428000084,1764.195025967674,r,-6.370694657637229e9,956257.3823372272,2,3000,4513.840610980988,31.169060945510864,68.56648458999973,4344.626860385011,f,-2.0561791003157258e8,3101.336986591266
3,1161,1266.7219970226288,16.357771158218384,26.977565927999986,1221.9764307939975,f,-1.960743447681854e10,0.788352823621757,328308,355608,C3E4N00073D3_scenario_303,3,715,722.7658381462097,10.082005023956299,16.411687666000024,685.9684993666528,r,-2.429438070505443e10,3.964244247306571e6,3,2937,3835.927999019623,10.119962930679321,65.42377721199989,3718.5794745890043, ,-5.41814645620145e8,0.0008409390484267476
4,2539,3532.351483106613,19.432327032089233,64.8096943520002,3423.231835885003,f,-4.442297217445535e9,0.6294891556854288,381808,417328,C3E4N00073D2_scenario_911,4,1045,1358.473564863205,29.497246980667114,26.183025669999928,1264.0823566790966,r,-6.5516417358520355e9,986662.6430420032,4,3000,4752.154274940491,50.45099997520447,85.87677860099977,4517.333121437986,f,-5.743073475768712e8,77690.88437473979
