nvar_top,ncon_top,case_name_top,id_ma27,iter_ma27,soltime_ma27,adtime_ma27,termination_ma27,obj_ma27,cvio_ma27,id_ma86,iter_ma86,soltime_ma86,inittime_ma86,adtime_ma86,lintime_ma86,termination_ma86,obj_ma86,cvio_ma86
140544,152244,C3E4N00073D1_scenario_303,1,1009,4491.973,11.854, ,-2.6917280698406328e7,0.00032164309525839485,1,2006.0,2240.529034137726,351.49949407577515,19.94245355499991,1458.8958767469992, ,-2.6786783036596816e7,0.0009264407999580726
375156,406356,C3E4N00073D2_scenario_303,2,39,10226.979,2.088,f,-2.819032491172844e9,992547.2646936369,2,3000.0,9131.723995923996,1012.8018250465393,90.84947957599957,6245.478927383967,f,4.5905785184026945e8,0.00025520441167586894
328308,355608,C3E4N00073D3_scenario_303,3,51,10172.579,1.731,f,-1.0805569360545502e10,3.971098010146397e6,3,517.0,1974.56374502182,847.2528471946716,12.721003580999989,860.1497554029994,f,-1.3997870280697942e8,95245.8052258179
381808,417328,C3E4N00073D2_scenario_911,4,64,10032.018999999998,14.496,f,-2.0698240260842998e9,994964.741107653,4,2823.0,10007.265862941742,1036.6074509620667,88.14423017599974,7180.013862695006,f,-5.7929811959951095e7,3.0724175151005966
