nvar_top,ncon_top,case_name_top,id_ma27,iter_ma27,soltime_ma27,adtime_ma27,termination_ma27,obj_ma27,cvio_ma27,id_ma86,iter_ma86,soltime_ma86,inittime_ma86,adtime_ma86,lintime_ma86,termination_ma86,obj_ma86,cvio_ma86
140544,152244,C3E4N00073D1_scenario_303,1,981,23031.933999999997,12.565, ,4.558988862950176,1.7824684474667944e-8,1,2431.0,2834.396430015564,331.45649099349976,25.913798932999853,1939.5873165910004, ,0.0055907091518439585,7.134896222171783e-7
375156,406356,C3E4N00073D2_scenario_303,2,103,30395.505,5.91,f,0.1538812726124382,154160.92265258345,2,3900.0,16866.015080928802,1010.4100289344788,129.70921080800025,13210.95669806807, ,0.022292704283242676,1.1536324219463268e-5
328308,355608,C3E4N00073D3_scenario_303,3,148,30278.768,6.115,f,0.2810771181949285,531894.7377767033,3,2731.0,6740.641513109207,848.8858258724213,71.95554720599989,4431.461489006008, ,0.048433534234422884,7.864484920583337e-5
381808,417328,C3E4N00073D2_scenario_911,4,229,30008.528,19.978,f,-0.03939662816884859,159957.9476088562,4,2831.0,11118.538264036179,1043.5021028518677,91.5834629050004,8170.170200714996, ,-0.021048875376462564,2.9733618150951102e-8
