id_madncl,iter_madncl,soltime_madncl,inittime_madncl,adtime_madncl,lintime_madncl,termination_madncl,obj_madncl,cvio_madncl,nvar_top,ncon_top,case_name_top,id_hybrid_kkt,iter_hybrid_kkt,soltime_hybrid_kkt,inittime_hybrid_kkt,adtime_hybrid_kkt,lintime_hybrid_kkt,termination_hybrid_kkt,obj_hybrid_kkt,cvio_hybrid_kkt,id_lifted_kkt,iter_lifted_kkt,soltime_lifted_kkt,inittime_lifted_kkt,adtime_lifted_kkt,lintime_lifted_kkt,termination_lifted_kkt,obj_lifted_kkt,cvio_lifted_kkt
1,10000,815.9345271587372,2.02547287940979,240.61571807000098,500.98740765200046,f,-2.678531147822954e7,0.001962085020089408,140544,152244,C3E4N00073D1_scenario_303,1,1067,487.515967130661,4.172187089920044,27.439061864000003,444.2040324791872, ,-2.678603323985599e7,7.744655784970486e-9,1,2940,1573.0538470745087,4.050379037857056,70.64086693500016,1444.3394673069922, ,-2.7044420550605614e7,0.00039599561939418493
2,1849,306.00805497169495,7.607980012893677,47.45634061999985,241.5427896559998,f,-1.9092815198048555e13,544840.219547208,375156,406356,C3E4N00073D2_scenario_303,2,1290,1672.8878870010376,33.030869007110596,32.59202181800013,1560.602615141989,r,-6.610148177928228e9,946356.610254901,2,7195,10860.90354013443,32.38180613517761,173.20560667200004,10518.699047816997, ,-1.5045484282466146e8,0.0008399187145240461
3,10000,1405.6521980762482,5.8629150390625,251.73988270399872,1075.7677141540016,f,-2.2964069021803696e12,74864.06773858677,328308,355608,C3E4N00073D3_scenario_303,3,1176,1189.3266730308533,10.27747893333435,33.15149719699991,1127.6306370793898,r,-2.4225742604468506e10,3.950953973115761e6,3,3092,4026.412225008011,11.101531982421875,77.88445617900013,3891.7156262229887, ,-5.418122410169303e8,0.0008409367747646002
4,8656,1571.0425930023193,6.8316569328308105,224.8090690470005,1273.9186238399948,f,-1.646446194399163e13,469795.80912234396,381808,417328,C3E4N00073D2_scenario_911,4,882,1137.2353389263153,30.055776834487915,21.466580862000015,1049.5529101231066,r,-6.567386875608753e9,994108.418465094,4,7289,11387.299102067947,58.60245394706726,216.61822005400035,10934.687055259035, ,-6.069481592646783e7,0.0007898580014122913
