nvar_top,ncon_top,case_name_top,id_ma27,iter_ma27,soltime_ma27,adtime_ma27,termination_ma27,obj_ma27,cvio_ma27,id_ma86,iter_ma86,soltime_ma86,inittime_ma86,adtime_ma86,lintime_ma86,termination_ma86,obj_ma86,cvio_ma86
140544,152244,C3E4N00073D1_scenario_303,1,1131,4513.765,11.395, ,-2.678821067063348e7,1.9536357813822527e-7,1,2039.0,2225.1699919700623,327.17435598373413,17.283803332999977,1544.886422462997, ,-2.6786965758193962e7,4.727894939987471e-8
375156,406356,C3E4N00073D2_scenario_303,2,598,30014.671,19.833,f,-3.8314762802892113e9,538206.3896508486,2,10000.0,28722.50564312935,1000.7171750068665,267.41279087399926,22502.284280408097,f,5.317955839926388e7,0.0002198247420892585
328308,355608,C3E4N00073D3_scenario_303,3,884,30009.651,23.236,f,-1.1921189784854136e9,107958.14854033614,3,358.0,1638.5520977973938,839.3902688026428,8.368697704999992,644.8726709099992,f,-1.7332958883476683e8,158587.64093932573
381808,417328,C3E4N00073D2_scenario_911,4,261,30069.531,19.909,f,-6.30815194899897e9,997690.304548613,4,2314.0,8414.457240104675,1033.6729140281677,63.758683902000065,6189.677302990007,f,-5.921943216286717e7,1.619939481223298e-5
