id_madncl,iter_madncl,soltime_madncl,inittime_madncl,adtime_madncl,lintime_madncl,termination_madncl,obj_madncl,cvio_madncl,nvar_top,ncon_top,case_name_top,id_hybrid_kkt,iter_hybrid_kkt,soltime_hybrid_kkt,inittime_hybrid_kkt,adtime_hybrid_kkt,lintime_hybrid_kkt,termination_hybrid_kkt,obj_hybrid_kkt,cvio_hybrid_kkt,id_lifted_kkt,iter_lifted_kkt,soltime_lifted_kkt,inittime_lifted_kkt,adtime_lifted_kkt,lintime_lifted_kkt,termination_lifted_kkt,obj_lifted_kkt,cvio_lifted_kkt
1,2143,211.93957805633545,2.7434921264648438,63.05436152299972,125.8265432999996,f,-2.6790660979157224e7,0.0007513153186243109,140544,152244,C3E4N00073D1_scenario_303,1,316,177.49082803726196,4.951455116271973,9.540764952000004,120.1614008080402,r,-9.316635266911597e8,790412.981005342,1,10000,6177.621202945709,4.817997932434082,297.02454156700225,5749.913103213003,f,-2.6790609037200086e7,3.9591123215387825e-6
2,3182,614.54052901268,9.64476990699768,108.50587376300057,465.83802216000163,f,-1.8223503434869605e13,520024.80077070656,375156,406356,C3E4N00073D2_scenario_303,2,1491,2130.082118988037,42.116249084472656,47.081249190000094,1975.5324918717542,r,-6.729317135102167e9,960317.7909421325,2,10000,16672.01328587532,46.06947684288025,288.47149634499993,16125.269281507079,f,-1.4896564811650145e8,8.432987092632516e-6
3,10000,1689.2158019542694,7.587505102157593,351.9269875670021,1219.433136155009,f,-2.1077345429777998e12,68711.5902093596,328308,355608,C3E4N00073D3_scenario_303,3,1199,1296.4497220516205,12.448632001876831,40.72276328999992,1221.6657197232048,r,-2.430906917007244e10,3.9648098790449766e6,3,10000,13806.644343852997,12.470809936523438,326.5499104650012,13292.805405325014,f,-3.5542783935107976e8,0.0532868070239701
4,9034,1851.0219740867615,9.697107076644897,275.92010214600094,1473.229367214002,f,-1.5514226567858148e13,442693.3056699638,381808,417328,C3E4N00073D2_scenario_911,4,402,598.1002838611603,42.63884902000427,12.680369073999994,497.1152170986722,r,-6.157244036624597e9,996622.1702128694,4,10000,16755.644862890244,86.05540490150452,359.9516237939994,16027.711085923973,f,-5.479143141469343e7,0.003114160288718657
5,-,30000.0,-,-,-,me,-,-,32543082,41172984,C3E4N00617D1_scenario_002,5,-,30000.0,-,-,-,me,-,-,5,-,30000.0,-,-,-,me,-,-
