id_madncl,iter_madncl,soltime_madncl,inittime_madncl,adtime_madncl,lintime_madncl,termination_madncl,obj_madncl,cvio_madncl,nvar_top,ncon_top,case_name_top,id_hybrid_kkt,iter_hybrid_kkt,soltime_hybrid_kkt,inittime_hybrid_kkt,adtime_hybrid_kkt,lintime_hybrid_kkt,termination_hybrid_kkt,obj_hybrid_kkt,cvio_hybrid_kkt,id_lifted_kkt,iter_lifted_kkt,soltime_lifted_kkt,inittime_lifted_kkt,adtime_lifted_kkt,lintime_lifted_kkt,termination_lifted_kkt,obj_lifted_kkt,cvio_lifted_kkt
1,105,9.935193061828613,1.9456391334533691,2.569118860999999,5.887656225999998, ,17.698334632383542,3.499480024541984e-5,140544,152244,C3E4N00073D1_scenario_303,1,1612,22482.13833284378,4.028738975524902,43.791717008,22412.695081223657, ,19.163374663057294,5.1918320156940645e-8,1,2327,1380.4930520057678,3.9624381065368652,53.23781916999984,1276.9268107389955, ,-0.8355450009967093,9.412835629279296e-5
2,252,44.72128391265869,6.364163875579834,6.188297291000006,34.99774059600002, ,46.31601346674334,0.0006156738503075479,375156,406356,C3E4N00073D2_scenario_303,2,200,32488.68585896492,27.698094129562378,6.078606698999996,32430.239096263926,f,51.15806288899868,83744.83967488962,2,7248,12159.375036001205,30.846832990646362,161.30632139000073,11834.994831656928, ,-6.5633503147952865,7.916928813065413e-5
3,367,56.016587018966675,5.079416990280151,8.684551742999993,44.47305583799997, ,49.519085185675436,0.0023130488288802854,328308,355608,C3E4N00073D3_scenario_303,3,3038,30000.845888137817,9.965866088867188,76.69720516900006,29862.296140187962,f,767.8895799383102,0.0042316208580727155,3,6817,9761.614948034286,9.869956970214844,148.47395415700058,9508.633306131014, ,1.6685046318002148,0.00013634031112696085
4,260,52.11921405792236,6.690664052963257,6.523437399000008,41.93220101700002, ,11.502852765393511,3.0975619541295796e-6,381808,417328,C3E4N00073D2_scenario_911,4,9414,30000.434683799744,28.295889854431152,261.32669189800123,29502.585511110476,f,582.2317077602788,0.028563546220592942,4,3680,6470.500562906265,49.77746105194092,102.25580457800045,6210.17314872397, ,1.0570520852671885,8.43988535121998e-5
5,-,30000.0,-,-,-,me,-,-,32543082,41172984,C3E4N00617D1_scenario_002,5,-,30000.0,-,-,-,me,-,-,5,-,30000.0,-,-,-,me,-,-
